video_name,teacher_name,user_count
EBS 수학의 답,"손석민
이지연","14,556"
EBS 중학 뉴런 수학1(상),이지연,"2,948"
EBS 중학 뉴런 수학2(상),손석민,"1,819"
EBS 중학 뉴런 수학3(상),채지영,"1,325"
EBS 중학 뉴런 수학1(하),이지연,829
EBS 중학 뉴런 수학2(하),손석민,701
한 장 수학 1(상),양진아,506
EBS 중학 뉴런 수학3(하),손석민,356
한 장 수학3(상),최은정,302
한 장 수학2(상),서채은,261
중학 수학 개념 끝장내기 - 기하,손석민,231
한 장 수학 1(하),양진아,196
중학 수학 마스터 개념 2-1,변창현,179
중학 수학 개념 끝장내기 - 문자와 식,배수경,168
수학의 답 플러스,"손석민
이지연",159
중학 수학 마스터 개념 1-1,김구,158
한 장 수학2(하),서채은,155
중학 수학 개념 끝장내기 - 수와 연산,손석민,126
중학 수학 개념 끝장내기 - 함수,손석민,123
중학 수능특강 수학1,서채은,81
